,PC1,PC2,PC3,PC4,PC5,PC6
eigenvalue,2.3000882079185567,1.281158826121757,0.9457828633886655,0.647078622335148,0.579037221170542,0.24732425749866882
explained_var,0.3833180081758739,0.21350974614592766,0.15761813051904264,0.10783798977481658,0.09649864449313515,0.041217480891203966
cumulative,0.3833180081758739,0.5968277543218016,0.7544458848408442,0.8622838746156608,0.958782519108796,0.9999999999999999
kd,0.8545743413345479,0.06692244624856485,0.09597126632262798,0.1631781489132588,-0.35969592143596674,-0.31636002631963295
hs_pct,-0.006627381492601567,0.7626175807847068,-0.4678976777231584,0.4094870202487358,0.17792310587588606,-0.013577488332605624
adr,0.8830140126401173,0.15005191435052706,-0.07612136461391705,-0.04860592666038414,-0.23991442606864397,0.36350114093372293
opening_rate,0.6936618261600279,-0.03729663619487089,-0.3762067706284381,-0.45670553895349497,0.39376922249599333,-0.11115251129203839
utility_pr,0.29851860711740535,0.4942265360728682,0.7542270494096873,-0.024320713041107198,0.31167857788651304,0.01056552227253255
loadout_value,0.4687783553876527,-0.6533973926774195,0.03820607454012785,0.49115976199201933,0.32900268286755086,0.049564630219055036
